{
    "m_Version": 6,
    "m_DisplayName": "Rangers trading zone",
    "Position": [
        4645.02978515625,
        6.269189834594727,
        9837.2001953125
    ],
    "Radius": 500.0,
    "BuyPricePercent": 100.0,
    "SellPricePercent": -1.0,
    "Stock": {
        
    }
}